Source 1,Source 2,Fantasy Crunchers,Rotomind
Lonnie Walker,Lonnie Walker IV,,
Kevin Knox,Kevin Knox II,,
Robert Williams,Robert Williams III,,
Harry Giles,Harry Giles III,,
Robert Woodard,Robert Woodard II,,
James Ennis,James Ennis III,,
Brian Bowen,Brian Bowen II,,
Otto Porter,Otto Porter Jr.,,
Charlie Brown,Charlie Brown Jr.,,
Marcus Morris,Marcus Morris Sr.,,
Danuel House,Danuel House Jr.,,
Glenn Robinson,Glenn Robinson III,,
Juan Hernangomez,Juancho Hernangomez,,
Vernon Carey,Vernon Carey Jr.,,
,,Juan Jose Barea,JJ Barea
,,Ishmael Smith,Ish Smith
,,Patrick Mills,Patty Mills
,,Raulzinho Neto,Raul Neto
,,J.J. Redick,JJ Redick
,,C.J. Miles,CJ Miles
,,O.J. Mayo,OJ Mayo
,,J.R. Smith,JR Smith
,,P.J. Hairston,PJ Hairston
,,T.J. McConnell,TJ McConnell
,,C.J. McCollum,CJ McCollum
,,P.J. Tucker,PJ Tucker
,,T.J. Warren,TJ Warren
,,Louis Williams,Lou Williams
,,Larry Nance Jr.,Larry Nance
,,,Nene Hilario
,,D.J. Augustin,DJ Augustin
,,Tim Hardaway Jr.,Tim Hardaway Jr
,,Otto Porter,Otto Porter Jr
,,Maurice Harkless,Moe Harkless